/multifractal,https://docs.gaea.app/reference/nodes/primitive/multifractal.html
/linenoise,https://docs.gaea.app/reference/nodes/primitive/linenoise.html
/lineargradient,https://docs.gaea.app/reference/nodes/primitive/lineargradient.html
/primitive,https://docs.gaea.app/reference/nodes/primitive/index.html
/hemisphere,https://docs.gaea.app/reference/nodes/primitive/hemisphere.html
/gabor,https://docs.gaea.app/reference/nodes/primitive/gabor.html
/file,https://docs.gaea.app/reference/nodes/primitive/file.html
/driftnoise,https://docs.gaea.app/reference/nodes/primitive/driftnoise.html
/draw,https://docs.gaea.app/reference/nodes/primitive/draw.html
/dotnoise,https://docs.gaea.app/reference/nodes/primitive/dotnoise.html
/cracks,https://docs.gaea.app/reference/nodes/primitive/cracks.html
/constant,https://docs.gaea.app/reference/nodes/primitive/constant.html
/cone,https://docs.gaea.app/reference/nodes/primitive/cone.html
/sea,https://docs.gaea.app/reference/nodes/simulate/sea.html
/scree,https://docs.gaea.app/reference/nodes/simulate/scree.html
/rivers,https://docs.gaea.app/reference/nodes/simulate/rivers.html
/lichtenberg,https://docs.gaea.app/reference/nodes/simulate/lichtenberg.html
/lake,https://docs.gaea.app/reference/nodes/simulate/lake.html
/simulate,https://docs.gaea.app/reference/nodes/simulate/index.html
/icefloe,https://docs.gaea.app/reference/nodes/simulate/icefloe.html
/hydrofix,https://docs.gaea.app/reference/nodes/simulate/hydrofix.html
/hillify,https://docs.gaea.app/reference/nodes/simulate/hillify.html
/glacier,https://docs.gaea.app/reference/nodes/simulate/glacier.html
/erosion2,https://docs.gaea.app/reference/nodes/simulate/erosion2.html
/erosion,https://docs.gaea.app/reference/nodes/simulate/erosion.html
/easyerosion,https://docs.gaea.app/reference/nodes/simulate/easyerosion.html
/origami,https://docs.gaea.app/reference/nodes/modify/origami.html
/meshify,https://docs.gaea.app/reference/nodes/modify/meshify.html
/median,https://docs.gaea.app/reference/nodes/modify/median.html
/match,https://docs.gaea.app/reference/nodes/modify/match.html
/modify,https://docs.gaea.app/reference/nodes/modify/index.html
/heal,https://docs.gaea.app/reference/nodes/modify/heal.html
/graphiceq,https://docs.gaea.app/reference/nodes/modify/graphiceq.html
/seamless,https://docs.gaea.app/reference/nodes/utility/seamless.html
/route,https://docs.gaea.app/reference/nodes/utility/route.html
/reseed,https://docs.gaea.app/reference/nodes/utility/reseed.html
/repeat,https://docs.gaea.app/reference/nodes/utility/repeat.html
/mixer,https://docs.gaea.app/reference/nodes/utility/mixer.html
/math,https://docs.gaea.app/reference/nodes/utility/math.html
/mask,https://docs.gaea.app/reference/nodes/utility/mask.html
/macroport,https://docs.gaea.app/reference/nodes/utility/macroport.html
/loopend,https://docs.gaea.app/reference/nodes/utility/loopend.html
/loopbegin,https://docs.gaea.app/reference/nodes/utility/loopbegin.html
/layers,https://docs.gaea.app/reference/nodes/utility/layers.html
/utility,https://docs.gaea.app/reference/nodes/utility/index.html
/gate,https://docs.gaea.app/reference/nodes/utility/gate.html
/transpose,https://docs.gaea.app/reference/nodes/modify/transpose.html
/transform3d,https://docs.gaea.app/reference/nodes/modify/transform3d.html
/transform,https://docs.gaea.app/reference/nodes/modify/transform.html
/threshold,https://docs.gaea.app/reference/nodes/modify/threshold.html
/thermalshaper,https://docs.gaea.app/reference/nodes/modify/thermalshaper.html
/swirl,https://docs.gaea.app/reference/nodes/modify/swirl.html
/softclip,https://docs.gaea.app/reference/nodes/modify/softclip.html
/cellular3d,https://docs.gaea.app/reference/nodes/primitive/cellular3d.html
/cellular,https://docs.gaea.app/reference/nodes/primitive/cellular.html
/unreal,https://docs.gaea.app/reference/nodes/output/unreal.html
/unity,https://docs.gaea.app/reference/nodes/output/unity.html
/texturebaker,https://docs.gaea.app/reference/nodes/output/texturebaker.html
/sunlight,https://docs.gaea.app/reference/nodes/output/sunlight.html
/shade,https://docs.gaea.app/reference/nodes/output/shade.html
/pointcloud,https://docs.gaea.app/reference/nodes/output/pointcloud.html
/mesher,https://docs.gaea.app/reference/nodes/output/mesher.html
/lightx,https://docs.gaea.app/reference/nodes/output/lightx.html
/output,https://docs.gaea.app/reference/nodes/output/index.html
/halftone,https://docs.gaea.app/reference/nodes/output/halftone.html
/export,https://docs.gaea.app/reference/nodes/output/export.html
/var,https://docs.gaea.app/reference/nodes/utility/var.html
/switch,https://docs.gaea.app/reference/nodes/utility/switch.html
/volcano,https://docs.gaea.app/reference/nodes/terrain/volcano.html
/uplift,https://docs.gaea.app/reference/nodes/terrain/uplift.html
/slump,https://docs.gaea.app/reference/nodes/terrain/slump.html
/rugged,https://docs.gaea.app/reference/nodes/terrain/rugged.html
/ridge,https://docs.gaea.app/reference/nodes/terrain/ridge.html
/plates,https://docs.gaea.app/reference/nodes/terrain/plates.html
/mountainside,https://docs.gaea.app/reference/nodes/terrain/mountainside.html
/mountainrange,https://docs.gaea.app/reference/nodes/terrain/mountainrange.html
/mountain,https://docs.gaea.app/reference/nodes/terrain/mountain.html
/island,https://docs.gaea.app/reference/nodes/terrain/island.html
/terrain,https://docs.gaea.app/reference/nodes/terrain/index.html
/dunesea,https://docs.gaea.app/reference/nodes/terrain/dunesea.html
/craterfield,https://docs.gaea.app/reference/nodes/terrain/craterfield.html
/crater,https://docs.gaea.app/reference/nodes/terrain/crater.html
/canyon,https://docs.gaea.app/reference/nodes/terrain/canyon.html
/terraces,https://docs.gaea.app/reference/nodes/surface/terraces.html
/stratify,https://docs.gaea.app/reference/nodes/surface/stratify.html
/stones,https://docs.gaea.app/reference/nodes/surface/stones.html
/steps,https://docs.gaea.app/reference/nodes/surface/steps.html
/shear,https://docs.gaea.app/reference/nodes/surface/shear.html
/directionalwarp,https://docs.gaea.app/reference/nodes/modify/directionalwarp.html
/dilate,https://docs.gaea.app/reference/nodes/modify/dilate.html
/denoise,https://docs.gaea.app/reference/nodes/modify/denoise.html
/deflate,https://docs.gaea.app/reference/nodes/modify/deflate.html
/curve,https://docs.gaea.app/reference/nodes/modify/curve.html
/clip,https://docs.gaea.app/reference/nodes/modify/clip.html
/clamp,https://docs.gaea.app/reference/nodes/modify/clamp.html
/cartography,https://docs.gaea.app/reference/nodes/output/cartography.html
/ao,https://docs.gaea.app/reference/nodes/output/ao.html
/whorl,https://docs.gaea.app/reference/nodes/modify/whorl.html
/warp,https://docs.gaea.app/reference/nodes/modify/warp.html
/variableblur,https://docs.gaea.app/reference/nodes/modify/variableblur.html
/triplanardisplacement,https://docs.gaea.app/reference/nodes/modify/triplanardisplacement.html
/dusting,https://docs.gaea.app/reference/nodes/simulate/dusting.html
/debris,https://docs.gaea.app/reference/nodes/simulate/debris.html
/crumble,https://docs.gaea.app/reference/nodes/simulate/crumble.html
/anastomosis,https://docs.gaea.app/reference/nodes/simulate/anastomosis.html
/waveshine,https://docs.gaea.app/reference/nodes/primitive/waveshine.html
/voronoi,https://docs.gaea.app/reference/nodes/primitive/voronoi.html
/tileinput,https://docs.gaea.app/reference/nodes/primitive/tileinput.html
/shape,https://docs.gaea.app/reference/nodes/primitive/shape.html
/radialgradient,https://docs.gaea.app/reference/nodes/primitive/radialgradient.html
/perlin,https://docs.gaea.app/reference/nodes/primitive/perlin.html
/pattern,https://docs.gaea.app/reference/nodes/primitive/pattern.html
/object,https://docs.gaea.app/reference/nodes/primitive/object.html
/noise,https://docs.gaea.app/reference/nodes/primitive/noise.html
/gaea-nodes,https://docs.gaea.app/reference/gaea2houdini/gaea-nodes.html
/node-map,https://docs.gaea.app/reference/node-map.html
/reference-home,https://docs.gaea.app/reference/index.html
/rgbsplit,https://docs.gaea.app/reference/nodes/colorize/rgbsplit.html
/rgbmerge,https://docs.gaea.app/reference/nodes/colorize/rgbmerge.html
/colorize,https://docs.gaea.app/reference/nodes/colorize/index.html
/hsl,https://docs.gaea.app/reference/nodes/colorize/hsl.html
/gamma,https://docs.gaea.app/reference/nodes/colorize/gamma.html
/colorerosion,https://docs.gaea.app/reference/nodes/colorize/colorerosion.html
/cluter,https://docs.gaea.app/reference/nodes/colorize/cluter.html
/nodes,https://docs.gaea.app/reference/nodes/index.html
/tor-processor,https://docs.gaea.app/reference/gaea2houdini/tor-processor.html
/gaea2houdini-nodes,https://docs.gaea.app/reference/gaea2houdini/index.html
/craggy,https://docs.gaea.app/reference/nodes/surface/craggy.html
/contours,https://docs.gaea.app/reference/nodes/surface/contours.html
/bulbous,https://docs.gaea.app/reference/nodes/surface/bulbous.html
/bomber,https://docs.gaea.app/reference/nodes/surface/bomber.html
/wizard2,https://docs.gaea.app/reference/nodes/simulate/wizard2.html
/wizard,https://docs.gaea.app/reference/nodes/simulate/wizard.html
/trees,https://docs.gaea.app/reference/nodes/simulate/trees.html
/thermal2,https://docs.gaea.app/reference/nodes/simulate/thermal2.html
/thermal,https://docs.gaea.app/reference/nodes/simulate/thermal.html
/snowfield,https://docs.gaea.app/reference/nodes/simulate/snowfield.html
/snow,https://docs.gaea.app/reference/nodes/simulate/snow.html
/shrubs,https://docs.gaea.app/reference/nodes/simulate/shrubs.html
/sediments,https://docs.gaea.app/reference/nodes/simulate/sediments.html
/slopewarp,https://docs.gaea.app/reference/nodes/modify/slopewarp.html
/slopeblur,https://docs.gaea.app/reference/nodes/modify/slopeblur.html
/sharpen,https://docs.gaea.app/reference/nodes/modify/sharpen.html
/shaper,https://docs.gaea.app/reference/nodes/modify/shaper.html
/recurve,https://docs.gaea.app/reference/nodes/modify/recurve.html
/pixelate,https://docs.gaea.app/reference/nodes/modify/pixelate.html
/edge,https://docs.gaea.app/reference/nodes/utility/edge.html
/dataextractor,https://docs.gaea.app/reference/nodes/utility/dataextractor.html
/compare,https://docs.gaea.app/reference/nodes/utility/compare.html
/combine,https://docs.gaea.app/reference/nodes/utility/combine.html
/chokepoint,https://docs.gaea.app/reference/nodes/utility/chokepoint.html
/accumulator,https://docs.gaea.app/reference/nodes/utility/accumulator.html
/shatter,https://docs.gaea.app/reference/nodes/surface/shatter.html
/sandstone,https://docs.gaea.app/reference/nodes/surface/sandstone.html
/sand,https://docs.gaea.app/reference/nodes/surface/sand.html
/roughen,https://docs.gaea.app/reference/nodes/surface/roughen.html
/rockscape,https://docs.gaea.app/reference/nodes/surface/rockscape.html
/rocknoise,https://docs.gaea.app/reference/nodes/surface/rocknoise.html
/pockmarks,https://docs.gaea.app/reference/nodes/surface/pockmarks.html
/outcrops,https://docs.gaea.app/reference/nodes/surface/outcrops.html
/surface,https://docs.gaea.app/reference/nodes/surface/index.html
/groundtexture,https://docs.gaea.app/reference/nodes/surface/groundtexture.html
/grid,https://docs.gaea.app/reference/nodes/surface/grid.html
/fractalterraces,https://docs.gaea.app/reference/nodes/surface/fractalterraces.html
/distress,https://docs.gaea.app/reference/nodes/surface/distress.html
/fold,https://docs.gaea.app/reference/nodes/modify/fold.html
/flip,https://docs.gaea.app/reference/nodes/modify/flip.html
/filter,https://docs.gaea.app/reference/nodes/modify/filter.html
/extend,https://docs.gaea.app/reference/nodes/modify/extend.html
/equalize,https://docs.gaea.app/reference/nodes/modify/equalize.html
/distance,https://docs.gaea.app/reference/nodes/modify/distance.html
/derive,https://docs.gaea.app/reference/nodes/derive/index.html
/height,https://docs.gaea.app/reference/nodes/derive/height.html
/flowmapclassic,https://docs.gaea.app/reference/nodes/derive/flowmapclassic.html
/flowmap,https://docs.gaea.app/reference/nodes/derive/flowmap.html
/curvature,https://docs.gaea.app/reference/nodes/derive/curvature.html
/angle,https://docs.gaea.app/reference/nodes/derive/angle.html
/weathering,https://docs.gaea.app/reference/nodes/colorize/weathering.html
/watercolor,https://docs.gaea.app/reference/nodes/colorize/watercolor.html
/tint,https://docs.gaea.app/reference/nodes/colorize/tint.html
/synth,https://docs.gaea.app/reference/nodes/colorize/synth.html
/supercolor,https://docs.gaea.app/reference/nodes/colorize/supercolor.html
/splat,https://docs.gaea.app/reference/nodes/colorize/splat.html
/satmap,https://docs.gaea.app/reference/nodes/colorize/satmap.html
/blur,https://docs.gaea.app/reference/nodes/modify/blur.html
/blobremover,https://docs.gaea.app/reference/nodes/modify/blobremover.html
/autolevel,https://docs.gaea.app/reference/nodes/modify/autolevel.html
/aperture,https://docs.gaea.app/reference/nodes/modify/aperture.html
/adjust,https://docs.gaea.app/reference/nodes/modify/adjust.html
/texturizer,https://docs.gaea.app/reference/nodes/derive/texturizer.html
/texturebase,https://docs.gaea.app/reference/nodes/derive/texturebase.html
/soil,https://docs.gaea.app/reference/nodes/derive/soil.html
/slope,https://docs.gaea.app/reference/nodes/derive/slope.html
/rockmap,https://docs.gaea.app/reference/nodes/derive/rockmap.html
/peaks,https://docs.gaea.app/reference/nodes/derive/peaks.html
/occlusion,https://docs.gaea.app/reference/nodes/derive/occlusion.html
/normals,https://docs.gaea.app/reference/nodes/derive/normals.html
